{"cameraMode":{"drawMode":0,"name":"Shaded","section":"Shading Mode"},"sceneLighting":false,"audioPlay":false,"sceneViewState":{"showFog":false,"showMaterialUpdate":false,"showSkybox":false,"showFlares":false,"showImageEffects":false,"showParticleSystems":false},"in2DMode":false,"pivot":{"x":-27.357587814331056,"y":32.708229064941409,"z":-5.9388203620910648},"rotation":{"x":-0.02540382370352745,"y":0.9607757329940796,"z":-0.25970640778541567,"w":-0.09397357702255249},"size":18.69178009033203,"orthographic":true}