{"cameraMode":{"drawMode":0,"name":"Shaded","section":"Shading Mode"},"sceneLighting":true,"audioPlay":false,"sceneViewState":{"showFog":true,"showMaterialUpdate":true,"showSkybox":true,"showFlares":true,"showImageEffects":true,"showParticleSystems":true},"in2DMode":false,"pivot":{"x":-7.3024773597717289,"y":-7.597380638122559,"z":-10.754596710205079},"rotation":{"x":-0.12378288060426712,"y":0.8706179261207581,"z":-0.2796601355075836,"w":-0.3853515088558197},"size":10.0,"orthographic":false}